family,instance_label,band,density_cell,rows,columns,nonzeros,method,device,tolerance,terminal_outcome,solver_status,runtime_s,quality_metric,quality_value,strict_quality_pass,gpu_confirmed
external,neos-4409277-trave,B1,HD,7875,14363,204518,dual_simplex,cpu,,completed,OPTIMAL,0.6701030731201172,descriptive_max_quality_score,1.504352198367087e-13,true,false
external,neos-4409277-trave,B1,HD,7875,14363,204518,barrier,cpu,,completed,OPTIMAL,0.21374988555908203,descriptive_max_quality_score,1.6399326341343112e-11,true,false
external,neos-4409277-trave,B1,HD,7875,14363,204518,pdhg_cpu_tol_1e6,cpu,1e-6,completed,OPTIMAL,0.12182807922363281,descriptive_max_quality_score,6.354844343214872e-05,false,false
external,neos-4409277-trave,B1,HD,7875,14363,204518,pdhg_cpu_tol_1e8,cpu,1e-8,completed,OPTIMAL,0.1569361686706543,descriptive_max_quality_score,2.5331084099189383e-06,false,false
external,neos-4409277-trave,B1,HD,7875,14363,204518,pdhg_gpu_tol_1e6,gpu,1e-6,completed,OPTIMAL,0.11579608917236328,descriptive_max_quality_score,6.552289429240243e-05,false,true
external,neos-4409277-trave,B1,HD,7875,14363,204518,pdhg_gpu_tol_1e8,gpu,1e-8,completed,OPTIMAL,0.1301741600036621,descriptive_max_quality_score,2.661494026279243e-06,false,true
external,neos-4763324-toguru,B1,LD,106954,53593,266805,dual_simplex,cpu,,completed,OPTIMAL,2.036916971206665,descriptive_max_quality_score,2.2737367544323206e-13,true,false
external,neos-4763324-toguru,B1,LD,106954,53593,266805,barrier,cpu,,completed,OPTIMAL,3.545377016067505,descriptive_max_quality_score,1.3508979580558476e-09,true,false
external,neos-4763324-toguru,B1,LD,106954,53593,266805,pdhg_cpu_tol_1e6,cpu,1e-6,completed,OPTIMAL,388.80176401138306,descriptive_max_quality_score,2.3106235866876546e-06,false,false
external,neos-4763324-toguru,B1,LD,106954,53593,266805,pdhg_cpu_tol_1e8,cpu,1e-8,completed,OPTIMAL,509.85674595832825,descriptive_max_quality_score,2.2524993648076475e-08,true,false
external,neos-4763324-toguru,B1,LD,106954,53593,266805,pdhg_gpu_tol_1e6,gpu,1e-6,completed,OPTIMAL,14.491058826446533,descriptive_max_quality_score,9.049960453921813e-06,false,true
external,neos-4763324-toguru,B1,LD,106954,53593,266805,pdhg_gpu_tol_1e8,gpu,1e-8,completed,OPTIMAL,18.123178958892822,descriptive_max_quality_score,6.666846275038552e-08,true,true
external,physiciansched6-2,B2,LD,168336,111827,480259,dual_simplex,cpu,,completed,OPTIMAL,0.24623394012451172,descriptive_max_quality_score,0.0,true,false
external,physiciansched6-2,B2,LD,168336,111827,480259,barrier,cpu,,completed,OPTIMAL,0.19356298446655273,descriptive_max_quality_score,5.8544280534533755e-12,true,false
external,physiciansched6-2,B2,LD,168336,111827,480259,pdhg_cpu_tol_1e6,cpu,1e-6,completed,OPTIMAL,0.3141140937805176,descriptive_max_quality_score,1.2460856912976936e-05,false,false
external,physiciansched6-2,B2,LD,168336,111827,480259,pdhg_cpu_tol_1e8,cpu,1e-8,completed,OPTIMAL,0.3224611282348633,descriptive_max_quality_score,9.320685001590334e-07,true,false
external,physiciansched6-2,B2,LD,168336,111827,480259,pdhg_gpu_tol_1e6,gpu,1e-6,completed,OPTIMAL,0.2182140350341797,descriptive_max_quality_score,4.9294371833763506e-05,false,true
external,physiciansched6-2,B2,LD,168336,111827,480259,pdhg_gpu_tol_1e8,gpu,1e-8,completed,OPTIMAL,0.30980491638183594,descriptive_max_quality_score,6.026302656891858e-07,true,true
external,roi2alpha3n4,B2,HD,1251,6816,878812,dual_simplex,cpu,,completed,OPTIMAL,0.3261890411376953,descriptive_max_quality_score,1.960237527853792e-16,true,false
external,roi2alpha3n4,B2,HD,1251,6816,878812,barrier,cpu,,completed,OPTIMAL,0.48183703422546387,descriptive_max_quality_score,9.43934835773383e-11,true,false
external,roi2alpha3n4,B2,HD,1251,6816,878812,pdhg_cpu_tol_1e6,cpu,1e-6,completed,OPTIMAL,41.1348340511322,descriptive_max_quality_score,1.512367700745457e-06,false,false
external,roi2alpha3n4,B2,HD,1251,6816,878812,pdhg_cpu_tol_1e8,cpu,1e-8,completed,OPTIMAL,53.84719395637512,descriptive_max_quality_score,9.030787886700406e-10,true,false
external,roi2alpha3n4,B2,HD,1251,6816,878812,pdhg_gpu_tol_1e6,gpu,1e-6,completed,OPTIMAL,1.5246291160583496,descriptive_max_quality_score,1.2321352947122733e-06,false,true
external,roi2alpha3n4,B2,HD,1251,6816,878812,pdhg_gpu_tol_1e8,gpu,1e-8,completed,OPTIMAL,1.9183228015899658,descriptive_max_quality_score,1.6133965957910869e-09,true,true
external,sorrell4,B3,HD,504451,2048,1008902,dual_simplex,cpu,,completed,OPTIMAL,1.109894037246704,descriptive_max_quality_score,0.0,true,false
external,sorrell4,B3,HD,504451,2048,1008902,barrier,cpu,,completed,OPTIMAL,0.6401920318603516,descriptive_max_quality_score,4.551914400963142e-14,true,false
external,sorrell4,B3,HD,504451,2048,1008902,pdhg_cpu_tol_1e6,cpu,1e-6,completed,OPTIMAL,0.7267630100250244,descriptive_max_quality_score,6.876300826519355e-07,true,false
external,sorrell4,B3,HD,504451,2048,1008902,pdhg_cpu_tol_1e8,cpu,1e-8,completed,OPTIMAL,0.7998390197753906,descriptive_max_quality_score,3.418620053707855e-09,true,false
external,sorrell4,B3,HD,504451,2048,1008902,pdhg_gpu_tol_1e6,gpu,1e-6,completed,OPTIMAL,0.601301908493042,descriptive_max_quality_score,6.866074548916856e-07,true,true
external,sorrell4,B3,HD,504451,2048,1008902,pdhg_gpu_tol_1e8,gpu,1e-8,completed,OPTIMAL,0.7316370010375977,descriptive_max_quality_score,3.4186768971267156e-09,true,true
external,square31,B4,HD,19435,28860,3937200,dual_simplex,cpu,,completed,OPTIMAL,0.4297220706939697,descriptive_max_quality_score,9.658940314238862e-14,true,false
external,square31,B4,HD,19435,28860,3937200,barrier,cpu,,completed,OPTIMAL,0.3830411434173584,descriptive_max_quality_score,8.192547173990761e-08,true,false
external,square31,B4,HD,19435,28860,3937200,pdhg_cpu_tol_1e6,cpu,1e-6,completed,OPTIMAL,4.352345943450928,descriptive_max_quality_score,3.934007627372165e-07,true,false
external,square31,B4,HD,19435,28860,3937200,pdhg_cpu_tol_1e8,cpu,1e-8,completed,OPTIMAL,5.0341150760650635,descriptive_max_quality_score,1.0575393737192825e-08,true,false
external,square31,B4,HD,19435,28860,3937200,pdhg_gpu_tol_1e6,gpu,1e-6,completed,OPTIMAL,4.756791830062866,descriptive_max_quality_score,1.8310655002240495e-06,false,true
external,square31,B4,HD,19435,28860,3937200,pdhg_gpu_tol_1e8,gpu,1e-8,completed,OPTIMAL,6.6476521492004395,descriptive_max_quality_score,1.713030006733618e-08,true,true
external,supportcase12,B3,LD,166781,799616,2334437,dual_simplex,cpu,,completed,OPTIMAL,1.075972080230713,descriptive_max_quality_score,3.410605131648481e-12,true,false
external,supportcase12,B3,LD,166781,799616,2334437,barrier,cpu,,completed,OPTIMAL,0.8336079120635986,descriptive_max_quality_score,8.413545415127262e-11,true,false
external,supportcase12,B3,LD,166781,799616,2334437,pdhg_cpu_tol_1e6,cpu,1e-6,completed,OPTIMAL,8.354909896850586,descriptive_max_quality_score,0.00019813298831500292,false,false
external,supportcase12,B3,LD,166781,799616,2334437,pdhg_cpu_tol_1e8,cpu,1e-8,completed,OPTIMAL,11.312789916992188,descriptive_max_quality_score,2.3337006775925317e-06,false,false
external,supportcase12,B3,LD,166781,799616,2334437,pdhg_gpu_tol_1e6,gpu,1e-6,completed,OPTIMAL,0.7328708171844482,descriptive_max_quality_score,0.00020148176643225435,false,true
external,supportcase12,B3,LD,166781,799616,2334437,pdhg_gpu_tol_1e8,gpu,1e-8,completed,OPTIMAL,0.7478809356689453,descriptive_max_quality_score,2.370406602336672e-06,false,true
external,tpl-tub-ss16,B4,LD,901872,595066,3687098,dual_simplex,cpu,,completed,OPTIMAL,56.76451110839844,descriptive_max_quality_score,3.552713678800501e-14,true,false
external,tpl-tub-ss16,B4,LD,901872,595066,3687098,barrier,cpu,,completed,OPTIMAL,8.245863914489746,descriptive_max_quality_score,7.690811957056731e-10,true,false
external,tpl-tub-ss16,B4,LD,901872,595066,3687098,pdhg_cpu_tol_1e6,cpu,1e-6,completed,OPTIMAL,43.314099073410034,descriptive_max_quality_score,7.594691701069525e-05,false,false
external,tpl-tub-ss16,B4,LD,901872,595066,3687098,pdhg_cpu_tol_1e8,cpu,1e-8,completed,OPTIMAL,87.0224621295929,descriptive_max_quality_score,1.9559573337002183e-08,true,false
external,tpl-tub-ss16,B4,LD,901872,595066,3687098,pdhg_gpu_tol_1e6,gpu,1e-6,completed,OPTIMAL,6.529301881790161,descriptive_max_quality_score,6.940075441685956e-05,false,true
external,tpl-tub-ss16,B4,LD,901872,595066,3687098,pdhg_gpu_tol_1e8,gpu,1e-8,completed,OPTIMAL,12.71357798576355,descriptive_max_quality_score,9.749822422075124e-09,true,true
